01a7f44c3b95dd1bc37faf59077afc2c68b89ffac690e94e68954bc43c840448	projects/DOC-2-019-RNA-Hallucination-Detector/PROJECT_SUMMARY.md	DOC-2-019-RNA-Hallucination-Detector/PROJECT_SUMMARY.md
778a9fcc967a1d4a2d6594bae8629e21ec839f183770eb9d057a50fb050cd6f8	projects/DOC-2-019-RNA-Hallucination-Detector/R0/LOCKED_PROTOCOL.md	DOC-2-019-RNA-Hallucination-Detector/R0/LOCKED_PROTOCOL.md
b2817f6f332b57f7ff1b0127e43ce1f1a80fab389893466e7c7323dbb3af4532	projects/DOC-2-019-RNA-Hallucination-Detector/R0/LOCKED_PROTOCOL.sha256	DOC-2-019-RNA-Hallucination-Detector/R0/LOCKED_PROTOCOL.sha256
474959e72db19f07d7da7192db2212a79e7338371d4c00bf5bb8c8d56963c625	projects/DOC-2-019-RNA-Hallucination-Detector/R0/RESULTS.md	DOC-2-019-RNA-Hallucination-Detector/R0/RESULTS.md
ec828574f4741af517acc40c8b7960892dbc00fb3cf4dd805a5cb4fd6ca59435	projects/DOC-2-019-RNA-Hallucination-Detector/R0/results.json	DOC-2-019-RNA-Hallucination-Detector/R0/results.json
45b7bbeb69ef7670f09486dd57089f070e9f155f067778f676a837e0d515feb3	projects/DOC-2-019-RNA-Hallucination-Detector/R0/run.log	DOC-2-019-RNA-Hallucination-Detector/R0/run.log
d29b118d693ca9882038ff6f02bd4f7abb9a563bccd39849ffb0ba0d0b022338	projects/DOC-2-019-RNA-Hallucination-Detector/R0/run_r0.py	DOC-2-019-RNA-Hallucination-Detector/R0/run_r0.py
a398aa26aaaf261ec32a1d8e35e0712402232e42a8c93ff3ab7300f8f45bf886	projects/DOC-2-019/R0/DOC-2-019_R0_archival_result_note.docx	DOC-2-019/R0/DOC-2-019_R0_archival_result_note.docx
033006cafffe16720174a14b8923bf496d601d30fd51fe8169ca7d4cb5eb13b0	projects/DOC-2-019/R0/DOC-2-019_R0_archival_result_note.pdf	DOC-2-019/R0/DOC-2-019_R0_archival_result_note.pdf
d79d688fea35d92d20d31f57e1e386be1b90d7dedecc2f6c4e3e34981ce3f372	projects/DOC-2-019/R0/MANIFEST.sha256	DOC-2-019/R0/MANIFEST.sha256
4521bfcb93228a4e4a745fa5f732effedf05d1d9fef43071b41914ac8c394a33	projects/DOC-2-019/R1.1/DOC-2-019-R1.1-sealed.tar.gz	DOC-2-019/R1.1/DOC-2-019-R1.1-sealed.tar.gz
90b023580f33457f07e6addde3a0b1aa953c4e9cacdc44f185e466c3e0bc8475	projects/DOC-2-019/R1.1/paper/DOC-2-019-R1.1-paper.docx	DOC-2-019/R1.1/paper/DOC-2-019-R1.1-paper.docx
2239f32d22a3d1bb69386b091e825086a974105bee0244210fadb6fedfe0567f	projects/DOC-2-019/R1.1/paper/DOC-2-019-R1.1-paper.pdf	DOC-2-019/R1.1/paper/DOC-2-019-R1.1-paper.pdf
fe8fc7ad9bc912eef9d7cf37a4e7eb9d22f46edfe994de5aff33208f589f4df6	projects/DOC-2-019/R1.1/paper/figure1_puzzle_auc.png	DOC-2-019/R1.1/paper/figure1_puzzle_auc.png
eca96ffd73873622aa707c7fa506dab50cffe1097dd6ef3d747c80f6ebd6bb49	projects/DOC-2-019/R1.1/paper/figure2_aggregate.png	DOC-2-019/R1.1/paper/figure2_aggregate.png
f536445ea87c2436aed9a1ce9eb093a0696927fe84ca971322da60dcbbe17b0b	projects/DOC-2-019/R1.1/paper/paper.md	DOC-2-019/R1.1/paper/paper.md
9f2add73b3878c26cebae019450d917d1a0fd9b4976d30356977c814ee2c64cd	projects/DOC-2-019/R1.1/technical-report/DOC-2-019-R1.1-technical-report-bundle.tar.gz	DOC-2-019/R1.1/technical-report/DOC-2-019-R1.1-technical-report-bundle.tar.gz
7fd23f9b3878ddce7d80991fb7b29a63790154a3babd7aea67158bfda8453ec6	projects/DOC-2-019/R2.1/DOC-2-019-R2.1-prevalue-seal.tar.gz	DOC-2-019/R2.1/DOC-2-019-R2.1-prevalue-seal.tar.gz
